{
	"bike": {
		"steering": {
			"wheelie": {
				"nosieTorque": 3.747072093604561e-41,
				"nosieAngleDeg": 1.1257941262945763e+24,
				"wheelieTorque": 1.8987058019587222e-13,
				"wheelieAngleDeg": 0,
				"minSpeed": 6.516037859110399e-43,
				"deadZone": 0,
				"inputReactiveness": 0,
				"maxLeanAngleDeg": 0
			},
			"landSteering": {
				"wheelDriftAligningStrength": 1.395630492296316e-38,
				"steerInputPowerOrbis": 0,
				"steerInputPowerDurango": 1.3861891037630812e-38,
				"steerInputPowerPc": 0,
				"steerInSpeedFactor": 6.964453367694341e-43,
				"countersteerSpeedFactor": 0,
				"steerCurveFalloff": 1.401298464324817e-45,
				"steerAngleMaxSpeedDeg": 0,
				"steerAngleMinSpeedDeg": 2.802596928649634e-45,
				"maxSpeedKmph": 2.274539926018136e+35,
				"minSpeedKmph": 337563017576160700000,
				"maxSpeedTToFullSteerS": 0,
				"tToFullSteerS": 3.9616108884926903e-41,
				"saturationZone": 1.8464886446506045e+25,
				"deadZone": 272546344158789370000
			}
		},
		"brakes": {
			"handbrakeFrictionFactor": 0,
			"rear": {
				"minTimeToBlock": 1.401298464324817e-44,
				"maxBrakeTorque": 0,
				"handbrake": 9960336
			},
			"front": {
				"minTimeToBlock": 0,
				"maxBrakeTorque": 0,
				"handbrake": 0
			}
		},
		"engineTransmission": {
			"targetCruiseRpm": 0,
			"decayTimeToCruiseRpm": 0,
			"clutchDelay": 1.3955385671170563e-38,
			"reverseGearRatio": 0,
			"reverseUsesForwardGears": 9958880,
			"finalDrive": 0,
			"lowGearsFinalDrive": 1.3452465257518244e-43,
			"topSpeed": 0,
			"lowGearForwardRatioPct": 6.726232628759122e-44,
			"forwardRatioPercentage": 0,
			"manualClutchBlendTime": 1.3955632299700285e-38,
			"manualClutchBlendRpm": 0,
			"manualClutch": 9959072,
			"sequential": 32623,
			"nitrousGears": 9958896,
			"gears": 0
		},
		"engine": {
			"engineMaxDamageTorque": 1.395437673627625e-38,
			"engineDamageNoiseScale": 0,
			"engineMinNoise": 1.3452465257518244e-43,
			"clutchSlipRpm": 0,
			"torqueFactorAtOptimalRpm": 1.3452465257518244e-43,
			"torqueFactorAtMinRpm": 0,
			"torqueFactorAtMaxRpm": 1.401298464324817e-45,
			"optimalRpm": 15377.0556640625,
			"minRpm": 62.114280700683594,
			"maxRpm": 0,
			"revLimiterRpmDrop": 1.0141871010880041e-38,
			"resistanceAtOptimalRpm": 1.9283839294501626e+31,
			"resistanceAtMaxRpm": 2.9393042243167124e+29,
			"resistanceAtMinRpm": 0,
			"topSpeedJumpMultiplier": 11
		},
		"landGlobal": {
			"arcade": {
				"turboJumpUpgraded": {
					"topSpeedJumpMultiplier": 0,
					"topSpeedKph": 1.395545293349685e-38,
					"punchSpeedKph": 0,
					"punchDelayTime": 0,
					"rMultiplier": 0,
					"fMultiplier": 0
				},
				"turboJump": {
					"topSpeedJumpMultiplier": 0,
					"topSpeedKph": 1.395408526619567e-38,
					"punchSpeedKph": 0,
					"punchDelayTime": 1.3861891037630812e-38,
					"rMultiplier": 0,
					"fMultiplier": 2.781577451684762e-42
				},
				"nitroBoostUpgraded": {
					"extraTopSpeed": 0,
					"boostBlendTime": 1.3948054077605216e-38,
					"pushForce": 1.625,
					"gripMultiplier": 0,
					"torqueMultiplier": 0
				},
				"nitroBoost": {
					"extraTopSpeed": 1.3948960717711634e-38,
					"boostBlendTime": 0,
					"pushForce": 0,
					"gripMultiplier": 3.747072093604561e-41,
					"torqueMultiplier": 1.1257941262945763e+24
				},
				"heatBoost": {
					"extraTopSpeed": 0,
					"boostBlendTime": 8.407790785948902e-45,
					"pushForce": 0,
					"gripMultiplier": 1.3955318408844276e-38,
					"torqueMultiplier": 0
				}
			},
			"drift": {
				"maxKeepVelocityAccelerationG": 0,
				"keepVelocityStrength": 0,
				"minSpeedToDriftKmph": 0,
				"steeringSensitivity": 0,
				"counterSteerRotFactor": 1.395408526619567e-38,
				"velocityRotationAngleExp": 0,
				"velocityRotationAmount": 1.3861891037630812e-38,
				"velocityRotationEndAngle": 0,
				"velocityRotationStartAngle": 2.9161021042599443e-42,
				"exitDriftYawVelDamp": 0,
				"overdriftYawVelDamp": 1.395228039377362e-38,
				"driftYawVelDamp": 0,
				"counterSteerTorqueBrake": 2.802596928649634e-45,
				"counterSteerTorqueHandbrake": 0,
				"counterSteerTorque": 1.3949676781226904e-38,
				"maxDriftTorque": 0,
				"constantDriftTorque": 3.9616108884926903e-41,
				"driftLimitSpreadAngleDeg": 1.8464886446506045e+25,
				"maxDriftAngleDeg": 272546344158789370000,
				"driftExitSlipAngle": 0,
				"driftEntrySlipAngle": 1.401298464324817e-44
			},
			"rearWheelsDamage": {
				"brokenWheelRadiusFraction": 0,
				"brokenWheelFrictionFraction": 1.39551838841917e-38,
				"skewHealth": 0
			},
			"frontWheelsDamage": {
				"brokenWheelRadiusFraction": 0,
				"brokenWheelFrictionFraction": 0,
				"skewHealth": 0
			},
			"takeoffPitchDamping": 0,
			"gravityMultiplierInAirDown": 1.3954802731009404e-38,
			"gravityMultiplierInAirUp": 0,
			"gravityMultiplierGrounded": 1.3954780310233975e-38,
			"linearDampingZ": 0,
			"linearDampingY": 0,
			"linearDampingX": 0
		},
		"pmGravityFactor": 0,
		"pmAngularDamping": 4.5714559801668507e-41,
		"pmLinearDamping": 1.8987058019587222e-13,
		"pmMass": 0,
		"dragCoefficient": 1.3861891037630812e-38,
		"topSpeed": 0,
		"topSpeedKph": 3.095468307693521e-42
	},
	"plane": {
		"engine": {
			"taxiingTopSpeed": 0,
			"taxiingInputThreshold": -3.2245809765587267e-17,
			"taxiingMaxThrust": 0,
			"maxThrustAcceleration": 0,
			"runThrust": 0,
			"maxThrust": 1.3865376066911587e-38,
			"minThrust": 0
		},
		"airSteering": {
			"yawAxisTiming": {
				"counterInputTimeFactor": 0.000010944580935756676,
				"centeringInputTimeFactor": 0,
				"timeToMaxInputAtMaxSpeedS": 3.0828566215145976e-44,
				"timeToMaxInputAtMinSpeedS": 0
			},
			"pitchAxisTiming": {
				"counterInputTimeFactor": 3.0828566215145976e-44,
				"centeringInputTimeFactor": 0,
				"timeToMaxInputAtMaxSpeedS": 1.3955071780314555e-38,
				"timeToMaxInputAtMinSpeedS": 0
			},
			"rollAxisTiming": {
				"counterInputTimeFactor": 0,
				"centeringInputTimeFactor": 0,
				"timeToMaxInputAtMaxSpeedS": 0,
				"timeToMaxInputAtMinSpeedS": 0
			},
			"referenceMaxSpeedKPH": 1.3954802731009404e-38,
			"referenceMinSpeedKPH": 0,
			"pitchReturn": 1.3953748954564232e-38,
			"rollReturn": 0,
			"accelerationSmoothing": 1.3452465257518244e-43,
			"maxSteeringAngle": 0
		}
	},
	"helicopter": {
		"steering": {
			"airSteering": {
				"yawAxisTiming": {
					"counterInputTimeFactor": 8.295686908802917e-43,
					"centeringInputTimeFactor": 0,
					"timeToMaxInputAtMaxSpeedS": 2.1019476964872256e-44,
					"timeToMaxInputAtMinSpeedS": 0
				},
				"pitchAxisTiming": {
					"counterInputTimeFactor": 1.8510470764400984e-25,
					"centeringInputTimeFactor": 0,
					"timeToMaxInputAtMaxSpeedS": 0,
					"timeToMaxInputAtMinSpeedS": 4.616661451180519e+24
				},
				"rollAxisTiming": {
					"counterInputTimeFactor": 7.1560049861894926e+22,
					"centeringInputTimeFactor": 0,
					"timeToMaxInputAtMaxSpeedS": 1.1210387714598537e-44,
					"timeToMaxInputAtMinSpeedS": 0
				},
				"referenceMaxSpeedKPH": 1.3954869993335692e-38,
				"referenceMinSpeedKPH": 0,
				"pitchReturn": 1.395493725566198e-38,
				"rollReturn": 0,
				"accelerationSmoothing": 1.3955116621865413e-38,
				"maxSteeringAngle": 0
			},
			"returnRollLimit": 1.3954600944030542e-38,
			"returnPitchLimit": 0
		},
		"model": {
			"altitudeLimitThresholdHigh": 1.395491483488655e-38,
			"altitudeLimitThresholdLow": 0,
			"highSpeedAltitudeD": 1.3452465257518244e-43,
			"highSpeedAltitudeI": 0,
			"highSpeedAltitudeP": 6.950440383051093e-43,
			"lowSpeedAltitudeD": 4.1754490341486574e-41,
			"lowSpeedAltitudeI": 1.8254179040048552e+31,
			"lowSpeedAltitudeP": 16529180401705419000,
			"yawMaxAmplitude": 7.1296877170787525e+28,
			"yawD": 0,
			"yawI": 1.3953883479216807e-38,
			"yawP": 0,
			"pitchMaxAmplitude": 1.5297672654565734e-38,
			"pitchD": 0,
			"pitchI": 6.866362475191604e-44,
			"pitchP": 0,
			"rollMaxAmplitude": 1.401298464324817e-45,
			"rollD": 0,
			"rollI": 0,
			"rollP": 0,
			"counterPitchSpeedKmph": -4.970618626214985e+33,
			"counterPitchAngleDeg": 0,